{
  "project_info": {
    "project_number": "560055031850",
    "firebase_url": "https://whispwriting.firebaseio.com",
    "project_id": "whispwriting",
    "storage_bucket": "whispwriting.appspot.com"
  },
  "client": [
    {
      "client_info": {
        "mobilesdk_app_id": "1:560055031850:android:aee0204133276c11",
        "android_client_info": {
          "package_name": "net.whispwriting.whispwriting"
        }
      },
      "oauth_client": [
        {
          "client_id": "560055031850-ns30e3dojqle4nrgbnt5l9j6g12qn0lo.apps.googleusercontent.com",
          "client_type": 1,
          "android_info": {
            "package_name": "net.whispwriting.whispwriting",
            "certificate_hash": "c34d00e4f147ce138174e4b519661a63507dd94e"
          }
        },
        {
          "client_id": "560055031850-nl6vse7jk7t0fogm6c89dbqh29n7a0ul.apps.googleusercontent.com",
          "client_type": 3
        }
      ],
      "api_key": [
        {
          "current_key": "AIzaSyDpzsWWa3sIyHY9S3hrNBllDxzK19SnicM"
        }
      ],
      "services": {
        "analytics_service": {
          "status": 1
        },
        "appinvite_service": {
          "status": 2,
          "other_platform_oauth_client": [
            {
              "client_id": "560055031850-nl6vse7jk7t0fogm6c89dbqh29n7a0ul.apps.googleusercontent.com",
              "client_type": 3
            }
          ]
        },
        "ads_service": {
          "status": 2
        }
      }
    }
  ],
  "configuration_version": "1"
}